{
  "project_info": {
    "project_number": "274422154751",
    "firebase_url": "https://login-register-firebase-abfc3-default-rtdb.firebaseio.com",
    "project_id": "login-register-firebase-abfc3",
    "storage_bucket": "login-register-firebase-abfc3.appspot.com"
  },
  "client": [
    {
      "client_info": {
        "mobilesdk_app_id": "1:274422154751:android:6b64fdf56c0e628d7c93ca",
        "android_client_info": {
          "package_name": "com.example.fullproject"
        }
      },
      "oauth_client": [
        {
          "client_id": "274422154751-7hcfafn7ohvgksaaerebonc8gdv23bjr.apps.googleusercontent.com",
          "client_type": 3
        }
      ],
      "api_key": [
        {
          "current_key": "AIzaSyBrnjT5Jh0YJzSEeyflC_IWwB6WMjvvns0"
        }
      ],
      "services": {
        "appinvite_service": {
          "other_platform_oauth_client": [
            {
              "client_id": "274422154751-7hcfafn7ohvgksaaerebonc8gdv23bjr.apps.googleusercontent.com",
              "client_type": 3
            }
          ]
        }
      }
    },
    {
      "client_info": {
        "mobilesdk_app_id": "1:274422154751:android:d71a04baf5933abd7c93ca",
        "android_client_info": {
          "package_name": "com.example.myapplication69"
        }
      },
      "oauth_client": [
        {
          "client_id": "274422154751-7hcfafn7ohvgksaaerebonc8gdv23bjr.apps.googleusercontent.com",
          "client_type": 3
        }
      ],
      "api_key": [
        {
          "current_key": "AIzaSyBrnjT5Jh0YJzSEeyflC_IWwB6WMjvvns0"
        }
      ],
      "services": {
        "appinvite_service": {
          "other_platform_oauth_client": [
            {
              "client_id": "274422154751-7hcfafn7ohvgksaaerebonc8gdv23bjr.apps.googleusercontent.com",
              "client_type": 3
            }
          ]
        }
      }
    }
  ],
  "configuration_version": "1"
}